first_name,last_name,email
Alonso,Livett,alivett0@istockphoto.com
Kennie,Osmant,kosmant2@cagov
Osmond,Lambal,olambal3@archive.org
Jodi,Attock,jattock4@sbwire.com
Whitney,Earland,wearland5@nbcnews.com
Danny,Dooly,ddooly6@w3.org
Dunn,Shorto,dshorto7@hibu.com
Torey,Fahy,tfahy8@technorati.com
Danila,Gravey,dgravey9@ovh.net
Butch,Beine,bbeinea@yolasite.com
Gavan,Martinelli,gmartinellic@irs.gov
Wade,Anten,wantenf@seattletimes.com
Ivar,Aggott,iaggottg@sohu.com
Cristiano,Askey,caskeyh@latimes.com
Marlane,Fordy,mfordyi@nytimes.com
Vanessa,Norcliffe,vnorcliffek@amazon.com
Mona,Marlin,mmarlinl@networkadvertising.og
Alina,Scutter,ascutterm@dagondesign.com
Conn,Dreus,cdreusn@comcast.net
Lev,Cerman,lcermano@ovhnet
Lian,Francescone,lfrancesconep@dailymail.co.uk
Pietra,Gostridge,pgostridger@mashable.com
Eadie,Inkle,einkles@deliciousdays.com
Phillipp,Ondrak,pondrakt@edublogs.org
Rori,Cleugher,rcleugheru@reverbnation.com
Land,Denys,ldenysv@phpbb.com
Seymour,Keets,skeetsw@eventbrite.com
Ly,Torvey,ltorveyz@aol.com
Marcille,Longcaster,mlongcaster10@wisc.edu
Conny,Trevaskus,ctrevaskus12@mapquest.com
Irina,Guyet,iguyet13@amazon.co.uk
Dulcia,Brymham,dbrymham14@canalblog.com
Bibi,Taffarello,btaffarello15@va.gov
Reggie,Meharg,rmeharg17@dailymotion.com
Andrej,Tortoise,atortoise19@microsoft.com
Hubie,Relfe,hrelfe1a@sitemeter.com
Gray,Doul,gdoul1b@elpais.com
Nap,Wybron,nwybron1c@statcounter.com
Lettie,Cardow,lcardow1d@mozilla.org
Marve,Raitie,mraitie1enature.com
Helsa,Buglass,hbuglass1f@census.gov
Jeth,Tanswill,jtanswill1g@deliciousdays.com
Kenon,Kedwell,kkedwell1h@aol.com
Helenka,Turbefield,hturbefield1i@wired.com
Brenden,McCosh,bmccosh1j@java.com
Mona,Stivey,mstivey1k@istockphoto.com
Renee,Ladley,rladley1l@comsenz.com
Rasla,MacKain,rmackain1m@gmpg.org
Hana,Greensides,hgreensides1n@addthis.com
Diarmid,Santarelli,dsantarelli1o@weebly.com
Seana,Polglaze,spolglaze1p@bigcartel.com
Christye,Bampkin,cbampkin1q@cisco.com
Rustin,Brain,rbrain1r@redditcom
Barnett,Linke,blinke1swix.cm
Avis,Ifill,aifill1t@acquirethisname.com
Beverly,Adelberg,badelberg1x@time.com
Agnese,Elham,aelham1y@cornell.edu
Carleen,Dinnington,cdinnington1z@bbb.org
Dallis,Fautly,dfautly20@prlog.org
Sunny,Brisard,sbrisard23@bloomberg.com
Dedra,MacElroy,dmacelroy25@weather.com
Glenine,Ricardon,gricardon26@unc.edu
Hoebart,Paulon,hpaulon27@nifty.com
Izaak,Deem,ideem28@blog.com
Lesli,Engledow,lengledow2a@businessweek.com
Juana,Cantu,jcantu2b@dell.com
Edee,Copcutt,ecopcutt2c@webnode.com
Gusella,Eagger,geagger2e@mozilla.org
Vicki,Benne,vbenne2g@sogou.com
Ricky,Hunnisett,rhunnisett2h@spotify.com
Fayina,Blenkinship,fblenkinship2i@goodreads.com
Jacintha,Crosi,jcrosi2j@amazon.co.uk
Elka,Mac Giany,emacgiany2k@cloudflare.com
Hewet,Gernier,hgernier2lmicrosoft.com
Davidson,Scanlon,dscanlon2n@ifeng.com
Kania,Wychard,kwychard2o@geocities.com
Townsend,Conniam,tconniam2r@businessinsider.com
